index,x[mm],y[mm],z[mm],Ux[mm],Uy[mm],Uz[mm],Fx[N],Fy[N],Fz[N]
0,-7.541069,-15.862172,12.646701,0.917811,2.724728,20.184201,0.000000,0.000000,0.000000
1,65.939041,0.366941,-12.700244,-0.325959,1.535851,3.258256,-0.000000,0.000000,-0.000000
2,-17.933600,9.324823,35.056830,5.550800,3.715443,21.843330,0.000000,-0.000000,-0.000000
3,-27.442217,8.920677,44.457660,7.133683,4.071717,24.356160,-0.000000,0.000000,0.000000
4,2.490226,16.941623,-6.851462,-1.901954,1.766323,15.530038,0.000000,-0.000000,0.000000
5,-36.299605,15.931972,27.401317,3.304995,3.336572,24.999817,0.000000,0.000000,0.000000
6,16.530645,-25.756096,-6.322424,-1.944455,1.717204,15.342076,-0.000000,-0.000000,-0.000000
7,22.136499,-26.720280,-5.315414,-1.548801,1.821520,14.357086,0.000000,-0.000000,0.000000
8,17.640188,-28.649818,0.053536,-0.721612,2.105382,15.571036,-0.000000,0.000000,-0.000000
9,-5.469160,14.268719,10.087964,0.959130,2.701019,17.907464,-0.000000,0.000000,-0.000000
10,31.120282,17.629867,-5.116184,-0.407118,2.077067,9.963316,-0.000000,-0.000000,0.000000
11,21.528329,-28.824787,7.605630,0.880929,2.604013,15.152130,-0.000000,0.000000,-0.000000
12,65.623210,18.954900,-24.188037,0.121810,0.491300,0.260463,-0.000000,0.000000,-0.000000
13,3.536928,13.868417,-4.031373,-1.372042,1.921417,15.614127,-0.000000,-0.000000,0.000000
14,-31.664341,5.044072,45.811236,7.162159,4.092210,25.481736,-0.000000,-0.000000,0.000000
15,-24.397667,2.801800,44.343253,7.134433,4.068920,23.935753,0.000000,-0.000000,0.000000
16,-44.719110,1.388261,35.725149,4.417690,3.789361,27.803649,0.000000,0.000000,-0.000000
17,-33.001545,14.009364,3.310885,-1.583545,2.064564,22.713385,-0.000000,-0.000000,0.000000
18,-12.749551,11.660019,44.850382,7.952549,4.144539,21.148882,0.000000,-0.000000,-0.000000
19,-15.878006,13.673995,44.581220,7.774694,4.122495,21.719720,-0.000000,-0.000000,-0.000000
20,-20.898463,12.450829,34.387949,5.343737,3.686559,22.308449,-0.000000,0.000000,0.000000
21,46.828239,-2.470362,-5.276331,-0.108461,2.162348,8.039169,-0.000000,-0.000000,-0.000000
22,4.708493,-15.311699,17.744708,2.385283,3.141501,18.001208,-0.000000,-0.000000,-0.000000
23,-18.824892,16.371997,12.176191,0.790008,2.710297,20.403691,0.000000,-0.000000,0.000000
24,-68.231022,27.906658,-24.935346,-3.861822,1.587358,-1.914846,0.000000,0.000000,-0.000000
25,18.748598,13.634463,14.908094,2.884698,3.191963,13.454594,-0.000000,0.000000,-0.000000
26,15.009189,-24.926662,10.333969,1.214289,2.735438,16.296469,-0.000000,-0.000000,-0.000000
27,11.188723,-20.060990,12.709374,1.596573,2.870210,16.841874,0.000000,0.000000,0.000000
28,-38.372485,-10.192208,21.934558,1.558815,3.183192,26.112058,0.000000,-0.000000,-0.000000
29,18.856680,-1.763294,26.173122,4.803680,3.833956,14.822622,-0.000000,0.000000,-0.000000
30,-18.410528,-8.983604,21.240341,2.265972,3.138896,22.099838,-0.000000,-0.000000,-0.000000
31,-23.699415,-10.178025,25.231784,2.845985,3.293475,23.322284,-0.000000,0.000000,0.000000
32,-11.810656,14.250793,2.043945,-0.867756,2.160993,18.812445,-0.000000,0.000000,0.000000
33,-40.239703,-9.458873,48.207572,6.957797,4.202527,27.791072,-0.000000,0.000000,0.000000
34,-10.817365,-15.310358,15.570791,1.358235,2.868942,20.864291,0.000000,-0.000000,-0.000000
35,-21.418051,1.557912,42.334936,6.811849,3.991292,23.241436,0.000000,0.000000,-0.000000
36,-15.104436,8.242388,48.092379,8.480064,4.261938,21.948879,0.000000,0.000000,0.000000
37,-0.354761,2.764625,22.432157,3.384899,3.450727,18.092657,0.000000,-0.000000,-0.000000
38,40.906672,-17.283702,0.098900,0.388272,2.365598,10.381400,0.000000,-0.000000,0.000000
39,-29.524461,13.176328,40.890705,6.380439,3.952458,24.500205,-0.000000,-0.000000,-0.000000
40,-37.953183,11.140363,40.749869,5.999017,3.858003,26.648369,9.419461,-0.802107,46.329279
41,-41.678912,5.707321,39.540382,5.451088,3.885791,27.301882,-0.000000,0.000000,-0.000000
42,49.301291,-6.167804,-5.910967,-0.197809,2.156656,7.725533,0.000000,0.000000,0.000000
43,-16.195833,4.465257,28.518647,4.105667,3.478047,21.314137,-0.000000,0.000000,-0.000000
44,46.149036,-14.140914,-12.827802,-1.896064,1.538586,8.623698,0.000000,-0.000000,0.000000
45,43.484704,0.058033,-17.713293,-2.611296,1.267173,8.004207,0.000000,-0.000000,0.000000
46,-40.931157,15.765934,30.112869,3.662643,3.431134,26.214369,-0.000000,0.000000,0.000000
47,-42.074036,15.890417,27.943913,3.158564,3.330217,26.331413,0.000000,0.000000,-0.000000
48,-40.923363,2.569369,9.679867,-0.662263,2.438527,25.314367,0.000000,0.000000,0.000000
49,-41.818641,3.585560,5.087346,-1.444441,2.089640,25.155846,0.000000,-0.000000,-0.000000
50,-15.910384,1.978573,20.405998,2.364616,3.164743,21.001499,0.000000,0.000000,-0.000000
51,-23.392236,-9.836353,33.208097,4.518164,3.613247,23.591597,0.000000,0.000000,-0.000000
52,-41.602478,-3.809144,15.560002,0.328322,2.865876,26.118502,0.000000,-0.000000,-0.000000
53,-28.848717,-17.931114,5.286722,-1.431717,2.316786,23.951222,-0.000000,-0.000000,-0.000000
54,-36.048937,-10.909831,18.835329,1.002763,3.028569,25.505829,-0.000000,-0.000000,0.000000
55,-42.138496,-4.875041,19.599986,1.095104,3.080089,26.516486,0.000000,0.000000,0.000000
56,-37.760197,19.681843,1.950779,-2.083297,1.746143,21.896279,0.000000,0.000000,0.000000
57,-39.027083,8.781272,17.080379,0.966117,2.881612,25.175879,0.000000,-0.000000,-0.000000
58,-38.487884,8.483986,10.688923,-0.288784,2.480546,24.562423,-0.000000,-0.000000,0.000000
59,-39.859037,17.222671,32.163314,4.187763,3.487271,26.101814,0.000000,-0.000000,0.000000
60,-16.865440,11.460666,48.203101,8.468860,4.266016,22.200601,0.000000,0.000000,0.000000
61,15.638036,17.009074,-7.858193,-1.564164,1.791474,12.906307,0.000000,0.000000,0.000000
62,5.489620,14.693338,4.080704,0.274420,2.416538,15.521204,0.000000,-0.000000,-0.000000
63,20.779423,16.719584,-10.225545,-1.819677,1.682684,11.819955,-0.000000,-0.000000,0.000000
64,-65.662697,31.262969,-30.160469,-1.203697,0.152569,-3.920969,-0.000000,0.000000,0.000000
65,-8.575944,13.069908,-1.003666,-1.319314,2.008608,18.155834,0.000000,0.000000,0.000000
66,51.634016,-13.997660,-17.618024,-2.720584,1.026140,7.322476,0.000000,-0.000000,0.000000
67,51.294567,-13.648927,-13.779943,-1.928933,1.419073,7.551557,0.000000,0.000000,-0.000000
68,-13.553773,17.020386,8.366552,0.309527,2.546586,19.219052,0.000000,-0.000000,0.000000
69,-19.631370,-6.802182,23.849950,2.786730,3.267118,22.324450,0.000000,0.000000,0.000000
70,-18.920105,-12.878034,17.942761,1.515895,2.964666,22.273261,-0.000000,-0.000000,-0.000000
71,-25.718168,13.290161,39.989528,6.364632,3.918901,23.593028,0.000000,0.000000,-0.000000
72,57.423102,-4.012975,-10.583596,-0.615798,1.800325,5.659904,-0.000000,0.000000,0.000000
73,16.547489,18.980359,-1.777847,-0.325811,2.172559,12.869653,-0.000000,0.000000,0.000000
74,21.349135,20.558836,-0.084879,0.217835,2.319936,11.910621,-0.000000,-0.000000,-0.000000
75,-18.542515,8.822609,26.332922,3.630985,3.376119,21.501422,0.000000,-0.000000,0.000000
76,-53.671424,-6.120070,-2.521435,-2.901824,1.853910,21.030065,-0.000000,0.000000,0.000000
77,27.369871,-2.349909,24.740985,4.860271,3.817121,13.153485,-0.000000,0.000000,0.000000
78,-9.040208,10.153726,18.023828,2.278192,3.148646,19.138328,0.000000,-0.000000,0.000000
79,-24.484266,18.553557,1.109940,-1.571366,2.033557,20.935440,-0.000000,-0.000000,-0.000000
80,-31.672509,-12.634117,24.251213,2.251491,3.229383,24.951713,0.000000,-0.000000,0.000000
81,35.027069,6.590656,18.291912,4.069169,3.511456,10.859412,0.000000,-0.000000,-0.000000
82,11.551327,-24.670602,-4.717502,-1.809373,1.779198,16.304998,0.000000,0.000000,-0.000000
83,12.227630,-25.760656,0.264424,-0.844170,2.083944,16.450924,0.000000,-0.000000,0.000000
84,-2.063738,14.644322,-2.609373,-1.318208,1.967422,16.733127,0.000000,-0.000000,-0.000000
85,26.823941,-21.935012,17.566228,3.124341,3.294788,14.135728,0.000000,-0.000000,-0.000000
86,19.857299,-23.951910,15.542922,2.422999,3.103690,15.520419,-0.000000,0.000000,-0.000000
87,64.252765,-5.842412,-14.655628,-1.240235,1.184978,4.161872,0.000000,-0.000000,0.000000
88,-16.687994,0.188014,21.760748,2.596206,3.197504,21.294247,-0.000000,0.000000,-0.000000
89,-45.448321,11.949153,33.021168,4.032179,3.637013,27.589668,0.000000,-0.000000,0.000000
90,-9.685933,-12.851017,18.459537,1.996067,3.045683,20.618037,0.000000,-0.000000,0.000000
91,-67.913638,29.848055,-33.136302,-0.637038,-0.319245,-6.374802,-0.000000,-0.000000,-0.000000
92,-22.645542,-4.696237,40.893251,6.293558,3.946653,23.632751,-0.000000,-0.000000,-0.000000
93,36.476116,-18.802418,12.540768,2.589216,3.080382,11.861267,0.000000,-0.000000,-0.000000
94,28.633014,-27.014882,6.783367,1.030414,2.621618,13.633867,0.000000,0.000000,0.000000
95,12.004461,0.710175,25.787222,4.492731,3.755965,15.978722,-0.000000,-0.000000,0.000000
96,-74.300167,-9.424238,-23.161801,-4.875167,0.591962,-0.231301,-0.000000,-0.000000,0.000000
97,52.057643,-10.749895,-9.587295,-0.915557,1.875905,7.352205,0.000000,-0.000000,0.000000
98,-38.778024,9.219587,2.581616,-1.866824,1.888027,24.057116,-0.000000,-0.000000,0.000000
99,50.890601,-1.829081,-12.437681,-1.254799,1.667189,6.796819,-0.000000,0.000000,0.000000
100,-8.777841,9.404952,-5.997559,-2.247901,1.716142,18.210941,-0.000000,-0.000000,0.000000
101,-29.167767,16.647282,33.106747,4.796533,3.575782,23.820247,-0.000000,-0.000000,0.000000
102,35.849551,15.807330,7.520511,2.184951,2.880930,9.685011,-0.000000,0.000000,-0.000000
103,36.863189,11.244754,13.630400,3.324889,3.253314,10.022900,0.000000,0.000000,-0.000000
104,39.956033,10.690055,2.512291,1.299733,2.591115,8.969791,-0.000000,0.000000,-0.000000
105,-27.570324,-15.374653,13.270428,0.160276,2.743047,23.774928,0.000000,0.000000,0.000000
106,-37.396837,12.376314,22.294269,2.150063,3.119954,25.040769,-0.000000,0.000000,0.000000
107,34.918807,-23.158726,-4.326105,-0.801793,2.004374,11.716395,-0.000000,0.000000,0.000000
108,65.247532,6.744835,-15.920042,-0.143068,1.286155,2.426458,0.000000,-0.000000,-0.000000
109,61.354114,1.513752,-13.473130,-0.597686,1.623720,4.111370,0.000000,0.000000,0.000000
110,-32.810475,-12.259337,30.531219,3.528525,3.512463,25.489719,0.000000,0.000000,-0.000000
111,-27.706329,-10.294657,36.994107,5.124471,3.781543,24.698607,0.000000,-0.000000,0.000000
112,-12.555160,10.117795,46.943655,8.385040,4.228145,21.274155,-0.000000,-0.000000,-0.000000
113,-16.972804,6.197302,36.197534,5.793696,3.756412,21.817034,0.000000,-0.000000,0.000000
114,-29.005351,-2.167083,44.974844,6.928149,4.080027,25.119344,0.000000,0.000000,0.000000
115,-47.706019,19.881205,-1.330648,-3.304819,2.371505,19.883852,0.000000,0.000000,0.000000
116,-38.386518,-11.097254,4.473474,-1.878318,2.163446,24.994974,0.000000,0.000000,0.000000
117,-7.087614,13.350490,-3.960388,-1.790264,1.867490,17.743112,0.000000,0.000000,0.000000
118,-37.446326,-12.694739,47.560685,6.882374,4.166661,27.297185,0.000000,0.000000,-0.000000
119,-35.408000,-8.946316,51.860528,7.934300,4.330784,26.950028,-0.000000,0.000000,-0.000000
120,33.515656,-3.820191,22.121530,4.574956,3.698229,11.935030,0.000000,0.000000,0.000000
121,37.950554,-0.167458,17.623696,3.946254,3.475422,10.662196,0.000000,0.000000,0.000000
122,39.448487,5.453671,-13.438085,-1.872013,1.556551,8.679415,0.000000,0.000000,-0.000000
123,-22.152550,11.088599,21.736889,2.563250,3.156369,21.897389,0.000000,-0.000000,0.000000
124,-14.985748,12.060275,17.647645,1.974252,3.062345,20.145145,0.000000,0.000000,0.000000
125,43.582509,-14.806314,-15.189113,-2.473291,1.339786,9.049387,0.000000,-0.000000,-0.000000
126,-29.317901,-13.093816,17.635223,0.997299,2.967184,24.206723,-0.000000,0.000000,-0.000000
127,-26.386044,-13.616967,21.076129,1.811556,3.108433,23.813629,0.000000,0.000000,0.000000
128,-34.252002,14.935773,36.862121,5.356498,3.705373,25.253621,0.000000,0.000000,-0.000000
129,-32.660028,-0.177418,46.725846,7.175072,4.153032,25.886346,-0.000000,0.000000,-0.000000
130,-70.905169,-5.292464,-22.550412,-3.124069,0.359896,1.730088,0.000000,-0.000000,-0.000000
131,-44.706515,-12.707311,3.916243,-2.539015,2.367589,24.065743,0.000000,0.000000,0.000000
132,37.845494,11.604438,-7.659724,-0.724906,1.921438,8.877776,-0.000000,0.000000,-0.000000
133,-22.441385,18.385762,8.305918,-0.095085,2.379162,20.763418,0.000000,0.000000,-0.000000
134,-42.215334,15.025999,36.712447,5.094066,3.670299,27.149947,0.000000,-0.000000,0.000000
135,-24.250588,14.168374,36.483127,5.689512,3.778574,23.059627,-0.000000,-0.000000,-0.000000
136,-7.264263,14.156292,14.069788,1.651267,2.934892,18.409288,-0.000000,0.000000,0.000000
137,28.943363,16.139902,-9.950086,-1.449237,1.753302,10.268414,0.000000,0.000000,-0.000000
138,-44.020072,0.163449,20.940234,1.394128,3.119089,26.821734,0.000000,0.000000,0.000000
139,34.406274,-17.583435,16.954341,3.380774,3.337465,12.377841,0.000000,-0.000000,0.000000
140,31.951212,-24.181561,10.783722,1.979912,2.909539,12.990222,-0.000000,-0.000000,-0.000000
141,10.857483,-2.650884,26.055644,4.443043,3.751156,16.409144,0.000000,0.000000,-0.000000
142,-25.905248,5.979845,45.487340,7.373652,4.113775,24.197840,-0.000000,0.000000,0.000000
143,-42.007784,-2.993392,4.689228,-1.677084,2.071718,25.519728,0.000000,0.000000,0.000000
144,-19.839849,-2.781360,38.943995,6.049851,3.865610,22.865495,0.000000,-0.000000,-0.000000
145,52.029315,-1.412088,-17.937063,-2.189785,1.149602,6.253437,-0.000000,-0.000000,-0.000000
146,-14.364552,-16.912495,10.976824,0.298948,2.567105,21.436324,-0.000000,0.000000,-0.000000
147,4.180728,9.217475,19.029200,3.010878,3.309925,16.699700,0.000000,-0.000000,0.000000
148,-32.227931,-9.892582,39.015206,5.369669,3.874418,25.717706,0.000000,0.000000,-0.000000
149,-35.080668,-12.484399,50.084625,7.516932,4.252201,26.914125,0.000000,-0.000000,0.000000
150,-44.088405,13.248562,31.008111,3.672095,3.509592,27.133611,-0.000000,-0.000000,-0.000000
151,-45.190731,0.316247,26.848285,2.518569,3.405317,27.428787,-0.000000,0.000000,0.000000
152,-43.957317,0.224586,24.555887,2.098983,3.287786,27.026387,-0.000000,0.000000,0.000000
153,-56.512974,-9.553701,-1.282423,-3.823974,1.868999,20.088077,-0.000000,0.000000,0.000000
154,56.375399,-1.094458,-13.206344,-0.987601,1.526372,5.512156,-0.000000,0.000000,-0.000000
155,-26.423851,17.830719,3.151004,-1.320451,2.074219,21.284504,0.000000,0.000000,-0.000000
156,38.643887,-20.821585,-2.294761,-0.222213,2.180615,10.933739,-0.000000,0.000000,0.000000
157,43.667536,2.043552,-9.819898,-1.031464,1.805737,8.184602,0.000000,0.000000,-0.000000
158,43.937714,2.213824,-3.988168,0.084914,2.185431,8.388332,0.000000,0.000000,0.000000
159,-18.217208,7.626599,19.525025,2.171892,3.114329,21.104525,-0.000000,0.000000,0.000000
160,-18.054036,12.016268,16.904451,1.710964,2.992428,20.748951,0.000000,-0.000000,-0.000000
161,-5.353331,-18.760257,0.039884,-1.437991,1.959743,19.409384,-0.000000,-0.000000,0.000000
162,0.313939,-3.584996,23.324996,3.481959,3.485494,18.382496,-0.000000,-0.000000,-0.000000
163,-40.263259,-5.149512,10.038004,-0.788859,2.532188,25.564504,-0.000000,0.000000,-0.000000
164,0.253171,-19.212285,-1.386925,-1.510209,1.916615,18.306575,-0.000000,0.000000,0.000000
165,5.683095,-20.349747,-3.677791,-1.761575,1.814953,17.224709,0.000000,0.000000,-0.000000
166,6.446839,-20.111931,5.374702,0.010389,2.376169,17.448202,-0.000000,-0.000000,-0.000000
167,-32.969895,12.760589,15.135375,0.795505,2.752189,23.527875,0.000000,0.000000,-0.000000
168,-33.971539,-17.086495,4.056017,-1.926239,2.174305,24.766517,-0.000000,0.000000,0.000000
169,-19.966388,8.375333,47.988258,8.232012,4.241733,22.972758,-0.000000,-0.000000,-0.000000
170,-42.385813,1.993145,16.946214,0.695987,2.922377,26.154714,0.000000,0.000000,0.000000
171,-33.159292,-9.730836,49.899582,7.612408,4.252964,26.426082,-0.000000,0.000000,0.000000
172,23.581181,-26.133039,13.920900,2.221281,3.025261,14.861400,0.000000,-0.000000,-0.000000
173,-11.113502,-16.185421,3.302541,-1.007802,2.100379,20.515041,0.000000,-0.000000,-0.000000
174,-25.074300,9.771652,43.123391,6.975000,4.027422,23.756891,0.000000,0.000000,-0.000000
175,-44.785407,13.123760,28.447453,3.101093,3.387710,27.107953,0.000000,-0.000000,-0.000000
176,-44.968035,7.938391,29.247064,3.186065,3.467161,27.301564,-0.000000,-0.000000,0.000000
177,-39.748480,7.969217,14.212234,0.419120,2.678437,25.178734,0.000000,-0.000000,-0.000000
178,-42.636176,1.733740,15.276818,0.382724,2.810010,26.111318,0.000000,-0.000000,-0.000000
179,-29.315202,15.558570,24.154020,2.897598,3.211270,23.324520,0.000000,0.000000,-0.000000
180,-0.480110,12.914845,12.926051,1.692240,2.907045,17.139551,-0.000000,-0.000000,-0.000000
181,-18.149232,-4.804465,32.331292,4.672668,3.602605,22.279792,0.000000,0.000000,0.000000
182,-16.783281,-1.186732,33.246802,5.028219,3.648028,21.905302,-0.000000,-0.000000,-0.000000
183,-8.555571,-7.953736,20.439064,2.505229,3.200364,20.197565,0.000000,0.000000,0.000000
184,-61.125896,-6.800663,-7.190278,-3.707996,1.501777,16.412222,-0.000000,-0.000000,0.000000
185,-63.300400,-10.666896,-7.313145,-4.094900,1.498304,15.236355,-0.000000,-0.000000,0.000000
186,8.765576,13.729211,-6.529687,-1.639424,1.813011,14.495813,-0.000000,0.000000,0.000000
187,-39.947872,3.347564,42.546157,6.121828,4.022755,27.139657,0.000000,0.000000,-0.000000
188,-42.449746,8.547164,23.711235,2.160754,3.187354,26.415735,-0.000000,-0.000000,-0.000000
189,-14.810735,-3.541004,21.208585,2.508065,3.183826,21.120082,-0.000000,-0.000000,-0.000000
190,-38.092926,-11.380844,51.217254,7.635974,4.306556,27.551754,-0.000000,-0.000000,0.000000
191,-21.407157,12.921292,27.679355,3.886543,3.410672,22.013855,-0.000000,0.000000,-0.000000
192,6.092645,16.407896,-10.030247,-2.373285,1.598296,14.718253,0.000000,0.000000,-0.000000
193,11.303279,15.871106,-10.092419,-2.187221,1.623006,13.726081,-0.000000,0.000000,-0.000000
194,-28.537813,-6.577995,42.767321,6.387587,4.025805,25.032821,0.000000,-0.000000,0.000000
195,10.135417,15.041345,2.203901,0.113917,2.359845,14.517401,-0.000000,-0.000000,-0.000000
196,-40.698166,-6.142867,37.480167,4.771834,3.832733,27.275667,-0.000000,-0.000000,0.000000
197,-35.412143,-12.023557,5.521310,-1.741243,2.268143,24.755810,-0.000000,-0.000000,0.000000
198,-14.571235,11.208892,48.559287,8.651265,4.288682,21.740787,0.000000,0.000000,-0.000000
199,70.020431,4.196109,-16.211763,-0.264669,0.867769,1.726737,-0.000000,0.000000,-0.000000
200,-27.739193,-12.237058,23.715832,2.320507,3.212042,24.140332,-0.000000,-0.000000,-0.000000
201,-25.304727,-19.452819,-1.114987,-2.390127,1.707181,23.291513,0.000000,0.000000,-0.000000
202,71.457354,21.529554,-24.334829,0.652854,0.096554,-1.182329,0.000000,-0.000000,0.000000
203,-35.269574,1.343395,45.707790,6.880526,4.091265,26.380290,0.000000,-0.000000,-0.000000
204,-36.524870,-6.086107,50.504638,7.664430,4.289393,27.028138,0.000000,-0.000000,0.000000
205,28.009948,18.768031,11.570197,2.698448,3.078931,11.211696,0.000000,0.000000,-0.000000
206,32.593073,18.828192,3.878373,1.404173,2.639192,9.984873,-0.000000,0.000000,0.000000
207,25.372027,16.831591,13.547038,2.938927,3.174591,11.925538,0.000000,0.000000,0.000000
208,39.731564,-9.629525,14.361727,3.225564,3.255075,10.754227,0.000000,-0.000000,-0.000000
209,40.864352,1.526963,12.967334,3.192652,3.216353,9.791834,0.000000,0.000000,0.000000
210,45.229387,0.362969,-12.657409,-1.538613,1.578569,7.846091,-0.000000,0.000000,0.000000
211,17.282722,-16.811214,19.727714,3.248722,3.368986,15.763214,0.000000,0.000000,0.000000
212,-2.887497,17.150376,-6.135665,-1.978811,1.773376,16.605835,-0.000000,0.000000,-0.000000
213,46.982762,-9.166026,-4.177802,-0.039238,2.222774,8.468698,-0.000000,-0.000000,0.000000
214,-8.233366,-0.115384,20.922875,2.741134,3.268776,19.685375,-0.000000,0.000000,0.000000
215,67.241672,18.236886,-20.796216,0.579972,0.842086,0.283284,-0.000000,0.000000,-0.000000
216,-42.018276,-1.319530,39.036617,5.143524,3.887920,27.485117,-0.000000,-0.000000,-0.000000
217,24.001777,7.407195,22.356812,4.422377,3.672225,13.121312,-0.000000,-0.000000,-0.000000
218,16.412409,6.613084,22.943123,4.216609,3.644064,14.661623,0.000000,-0.000000,-0.000000
219,-39.672379,-7.636573,3.678602,-2.074679,1.906407,25.160102,-0.000000,0.000000,0.000000
220,44.513541,-9.701353,0.196113,0.690041,2.432247,9.224613,-0.000000,-0.000000,0.000000
221,-21.793419,11.717089,17.469430,1.673781,2.984719,21.538930,-0.000000,0.000000,-0.000000
222,69.353201,18.152410,-19.839280,0.852501,0.833810,-0.076780,0.000000,-0.000000,0.000000
223,30.360980,8.585984,20.043528,4.252780,3.589474,11.723028,-0.000000,-0.000000,-0.000000
224,14.594393,15.198476,9.870252,1.771193,2.860876,13.960752,-0.000000,0.000000,0.000000
225,20.229181,18.669303,8.854099,1.862581,2.852503,12.620599,0.000000,0.000000,-0.000000
226,12.220907,8.146390,21.626125,3.818937,3.530780,15.324625,-0.000000,0.000000,-0.000000
227,51.357741,-4.092978,-8.475567,-0.533959,1.983122,7.029933,-0.000000,0.000000,-0.000000
228,43.739341,-14.832608,-10.087472,-1.443159,1.750892,9.270028,0.000000,-0.000000,-0.000000
229,-17.931419,2.774073,39.389353,6.358481,3.881143,22.299853,0.000000,0.000000,0.000000
230,-12.835436,8.200119,45.533200,8.033964,4.164519,21.336700,0.000000,0.000000,0.000000
231,11.574150,12.894352,15.473184,2.688690,3.164072,14.913682,-0.000000,-0.000000,-0.000000
232,72.754935,18.099201,-21.826596,0.644935,0.285101,-0.900096,-0.000000,0.000000,-0.000000
233,-14.347957,-14.621169,-1.193842,-1.966557,1.836031,20.878658,0.000000,0.000000,-0.000000
234,-57.852066,25.676658,-12.219736,-3.728766,2.340358,10.242764,0.000000,-0.000000,0.000000
235,-27.754776,16.563644,30.799000,4.364524,3.499344,23.369500,-0.000000,0.000000,-0.000000
236,-29.605798,18.255905,1.992084,-1.586698,1.990405,21.769584,-0.000000,0.000000,0.000000
237,28.731621,-16.246753,21.147020,3.987321,3.553847,13.573520,0.000000,0.000000,0.000000
238,30.992913,-11.444395,21.665143,4.256413,3.623505,12.867643,0.000000,0.000000,0.000000
239,-41.757135,-5.819010,25.286459,2.230365,3.347600,26.808959,0.000000,-0.000000,-0.000000
240,44.954140,-3.058563,1.121095,1.006140,2.511107,8.757595,-0.000000,0.000000,0.000000
241,-31.911891,14.273530,38.467984,5.756209,3.854430,24.858484,0.000000,0.000000,0.000000
242,0.119722,-11.874113,19.734320,2.639232,3.233787,18.766819,-0.000000,0.000000,0.000000
243,8.982100,-11.327529,22.630098,3.569410,3.491871,17.144598,0.000000,-0.000000,-0.000000
244,-32.345277,14.491378,8.080062,-0.564377,2.339278,22.871562,-0.000000,-0.000000,-0.000000
245,22.252786,-12.092174,23.934800,4.336786,3.689726,14.693300,-0.000000,-0.000000,-0.000000
246,-36.771706,-9.405258,38.099238,5.001494,3.842842,26.586738,-0.000000,-0.000000,-0.000000
247,-38.320793,-9.713829,30.248265,3.296407,3.513371,26.514765,0.000000,-0.000000,-0.000000
248,26.876244,-27.139210,-2.373263,-0.804656,2.041390,13.591237,0.000000,0.000000,0.000000
249,-25.565784,-18.464200,9.078405,-0.599284,2.469400,23.530905,-0.000000,0.000000,-0.000000
250,-27.425385,14.095039,15.345008,1.062115,2.812239,22.384508,0.000000,-0.000000,0.000000
251,-27.350684,12.815497,20.487592,2.148816,3.068007,22.814092,0.000000,-0.000000,0.000000
252,-33.410730,-12.934028,21.962703,1.707470,3.144672,25.207203,0.000000,0.000000,-0.000000
253,-21.350220,19.492862,4.616561,-0.792820,2.230462,20.407061,0.000000,0.000000,0.000000
254,-16.612659,18.950892,4.757418,-0.488859,2.330492,19.572918,-0.000000,-0.000000,-0.000000
255,60.700137,4.776294,-22.621549,-1.932563,0.485724,3.293951,0.000000,-0.000000,-0.000000
256,-47.737283,-9.410685,2.928166,-2.752183,2.104215,23.980666,-0.000000,-0.000000,0.000000
257,-31.824432,13.700717,21.721590,2.261568,3.113117,23.763090,-0.000000,-0.000000,-0.000000
258,-36.201411,-1.085092,44.927075,6.628289,4.092308,26.553575,0.000000,0.000000,-0.000000
259,-40.079645,-0.631220,42.478076,5.956755,4.015990,27.239576,0.000000,0.000000,0.000000
260,-23.169840,-13.372199,18.312636,1.391560,2.968701,23.084136,0.000000,-0.000000,0.000000
261,-41.890555,8.309934,21.249414,1.703045,3.076814,26.146914,-0.000000,-0.000000,0.000000
262,68.192430,-1.990377,-16.591165,-1.131470,0.857623,2.802335,-0.000000,0.000000,0.000000
263,-22.885237,-19.831633,5.394133,-1.187937,2.223167,23.008633,0.000000,-0.000000,-0.000000
264,-42.105529,-6.764215,30.921919,3.355771,3.571385,27.227419,-0.000000,-0.000000,-0.000000
265,-45.121399,-0.127214,33.264312,3.845401,3.680996,27.781812,-0.000000,-0.000000,0.000000
266,15.376891,-10.169260,24.185754,4.140491,3.655040,15.916254,-0.000000,0.000000,-0.000000
267,72.097538,14.516783,-27.460320,-0.784362,-0.677917,-0.641820,-0.000000,-0.000000,0.000000
268,64.387965,14.450624,-25.826221,-0.861735,0.184524,0.992279,-0.000000,0.000000,0.000000
269,47.204468,-13.232538,-18.735594,-3.044932,1.036062,8.082906,0.000000,0.000000,-0.000000
270,59.800544,3.269352,-18.644796,-1.426856,1.011822,3.949704,0.000000,0.000000,0.000000
271,-35.072072,-11.610949,13.860634,0.023928,2.742751,25.106134,0.000000,-0.000000,0.000000
272,22.851340,20.239632,-4.773190,-0.628860,2.044332,11.437310,0.000000,0.000000,-0.000000
273,-43.066743,14.285303,36.075021,4.906257,3.685203,27.295521,-0.000000,-0.000000,-0.000000
274,-12.159763,-14.358337,-0.995878,-1.833463,1.845263,20.449622,-0.000000,-0.000000,-0.000000
275,-9.829589,-16.996239,-1.183261,-1.814529,1.848961,20.130239,-0.000000,-0.000000,0.000000
276,26.076321,21.195256,3.915206,1.188821,2.601856,11.119706,-0.000000,-0.000000,0.000000
277,-66.802697,-14.937265,-23.175245,0.591603,0.215735,3.643255,-0.000000,-0.000000,-0.000000
278,-5.772825,15.950281,-9.732265,-2.793345,1.548981,17.086235,0.000000,-0.000000,0.000000
279,6.082739,15.500704,-12.138255,-2.793581,1.469104,14.680245,-0.000000,0.000000,-0.000000
280,-11.946002,11.074406,-8.174924,-2.728312,1.555736,18.643576,-0.000000,-0.000000,0.000000
281,67.105755,-2.980307,-24.151790,-2.671445,-0.140427,2.666710,-0.000000,0.000000,-0.000000
282,-6.599474,15.548938,-9.537389,-2.793424,1.551538,17.281111,-0.000000,-0.000000,0.000000
283,12.556608,-24.063292,-11.012371,-2.972092,1.405708,15.806129,0.000000,-0.000000,-0.000000
284,17.061991,-24.155628,-11.914949,-2.974409,1.383272,14.903551,-0.000000,-0.000000,-0.000000
285,5.137599,-23.029236,-9.583574,-2.960691,1.438564,17.234926,0.000000,0.000000,0.000000
286,-11.124584,10.405946,-8.313951,-2.753984,1.561966,18.504549,0.000000,-0.000000,-0.000000
287,-39.484089,-3.950797,-2.041309,-2.552689,1.725643,24.777191,-0.000000,0.000000,-0.000000
288,58.340262,-10.581703,-21.382536,-3.072038,0.510197,5.435964,-0.000000,0.000000,0.000000
289,-49.182492,-4.091764,-4.425548,-1.086192,2.140136,22.392952,-0.000000,-0.000000,0.000000
290,-42.415547,-4.133493,-1.978818,-1.955847,2.217507,24.839682,-0.000000,-0.000000,-0.000000
291,-54.493807,27.458828,-18.109664,-0.345307,0.972728,8.708836,0.000000,0.000000,0.000000
292,36.576073,3.320585,-17.626267,-2.844827,1.271475,9.192233,0.000000,0.000000,0.000000
293,-48.670150,15.741877,-8.714207,-0.871450,1.304877,18.104293,0.000000,0.000000,-0.000000
294,-17.818008,14.684479,-7.172824,-2.736508,1.594279,19.645676,0.000000,0.000000,0.000000
295,-49.946971,16.443415,-9.977054,-0.557371,1.165715,16.841446,-0.000000,-0.000000,-0.000000
296,61.424556,5.548336,-23.858511,-2.018344,0.316586,2.959989,-0.000000,0.000000,0.000000
297,70.563308,8.185204,-26.300241,-1.577292,-0.503716,0.518259,-0.000000,-0.000000,-0.000000
298,-10.958332,-15.441737,-6.789747,-2.914802,1.518863,20.028753,-0.000000,-0.000000,-0.000000
299,72.475540,19.989848,-28.230601,-0.129560,-0.638452,-1.412101,0.000000,-0.000000,-0.000000
300,-39.691074,-3.350783,-2.036265,-2.645074,1.665917,24.782235,0.000000,0.000000,0.000000
301,50.235568,-2.721105,-20.198509,-2.797332,0.963485,6.619991,-0.000000,-0.000000,-0.000000
302,66.427374,-4.101196,-23.884664,-2.761926,-0.060846,2.933836,0.000000,-0.000000,-0.000000
303,-40.950169,25.301999,-6.787761,-1.249469,1.082999,20.030739,0.000000,0.000000,0.000000
304,-45.325077,-17.645685,-2.214189,-1.620477,1.854715,24.604311,-0.000000,-0.000000,-0.000000
305,-27.683675,-19.348031,-3.191737,-2.708075,1.535169,23.626763,-0.000000,0.000000,0.000000
306,36.288836,-15.625007,-16.355880,-2.963164,1.257993,10.462620,-0.000000,0.000000,0.000000
307,-60.030289,-13.543048,-13.292446,0.245311,0.872552,13.526054,0.000000,0.000000,-0.000000
308,-9.102534,-20.643605,-6.865714,-2.938674,1.495695,19.952786,-0.000000,-0.000000,-0.000000
309,-9.490926,-20.506401,-6.793849,-2.937066,1.499599,20.024651,0.000000,0.000000,-0.000000
310,55.523751,-11.796794,-20.626258,-3.108949,0.672006,6.192242,-0.000000,0.000000,-0.000000
311,-70.850246,-5.649493,-29.009451,-0.037646,-0.042633,-2.190951,0.000000,0.000000,0.000000
312,-14.620405,14.665908,-7.820391,-2.730505,1.564108,18.998109,-0.000000,-0.000000,0.000000
313,71.020570,11.262372,-26.819816,-1.246030,-0.576628,-0.001316,0.000000,0.000000,-0.000000
314,-38.683397,4.344296,-2.648616,-2.676397,1.571566,24.169884,0.000000,0.000000,-0.000000
315,31.828627,7.557224,-16.907089,-2.826673,1.306994,9.911411,0.000000,-0.000000,-0.000000
316,-39.960071,-4.663563,-2.088512,-2.360171,1.811667,24.729988,-0.000000,-0.000000,0.000000
317,-51.132535,-4.333371,-5.091804,-1.350935,1.988129,21.726696,0.000000,0.000000,0.000000
318,-16.331410,-16.387719,-5.631316,-2.835010,1.514181,21.187184,0.000000,-0.000000,-0.000000
319,44.252970,-1.417598,-18.928667,-2.853130,1.154342,7.889833,0.000000,-0.000000,0.000000
320,-39.888403,-2.836329,-1.982211,-2.668003,1.648481,24.836289,-0.000000,0.000000,-0.000000
321,-9.858006,-19.602573,-6.772769,-2.927246,1.503427,20.045731,0.000000,-0.000000,0.000000
322,27.103063,-20.667289,-14.161549,-2.967537,1.330811,12.656951,0.000000,-0.000000,0.000000
323,-73.391563,-10.586851,-32.159212,0.072937,-0.117251,-5.340712,0.000000,-0.000000,-0.000000
324,-68.834993,25.795968,-32.950078,-0.167093,-0.428632,-6.131578,-0.000000,-0.000000,-0.000000
325,-67.921587,29.615945,-33.194345,-0.559687,-0.350355,-6.375845,-0.000000,0.000000,0.000000
326,-33.107308,-19.445848,-2.244400,-2.398708,1.481152,24.574100,0.000000,-0.000000,0.000000
327,-44.786238,-17.750011,-2.035533,-1.503438,1.895189,24.782967,-0.000000,0.000000,-0.000000
328,-73.155918,-11.879049,-31.845245,0.169282,-0.157649,-5.026745,-0.000000,0.000000,0.000000
329,-54.829069,19.779724,-15.499698,-0.166969,0.876224,11.318802,-0.000000,-0.000000,-0.000000
330,-40.200266,9.153014,-3.162539,-2.420666,1.322554,23.655961,-0.000000,0.000000,0.000000
331,-40.001069,10.723338,-3.491904,-2.370169,1.275078,23.326596,-0.000000,0.000000,-0.000000
332,17.454815,15.340317,-14.448291,-2.792185,1.398217,12.370209,0.000000,0.000000,0.000000
333,19.087666,15.016145,-14.762726,-2.793434,1.388945,12.055774,-0.000000,-0.000000,0.000000
334,-8.358093,11.346761,-8.941920,-2.799913,1.563721,17.876580,-0.000000,0.000000,0.000000
335,-59.903294,-5.827377,-13.948854,-0.087594,0.793753,12.869646,0.000000,0.000000,0.000000
336,-42.744293,11.764948,-4.478102,-2.161093,1.011648,22.340398,-0.000000,0.000000,-0.000000
337,-17.505227,14.680094,-7.235934,-2.735627,1.590794,19.582566,-0.000000,0.000000,-0.000000
338,-67.904129,24.395682,-31.469662,-0.080129,-0.359918,-4.651162,0.000000,0.000000,-0.000000
339,21.941543,-23.083533,-12.968239,-2.971857,1.359267,13.850261,0.000000,-0.000000,0.000000
340,57.615997,-0.172964,-22.193278,-2.618503,0.554222,4.625222,-0.000000,-0.000000,0.000000
341,-1.203240,17.516669,-10.759901,-2.788870,1.524269,16.058599,0.000000,-0.000000,-0.000000
342,43.876165,-13.743646,-18.052587,-3.000835,1.121454,8.765913,-0.000000,0.000000,0.000000
343,-55.263299,-13.889861,-7.771230,-0.747699,2.063139,19.047270,0.000000,0.000000,-0.000000
344,44.518732,-13.405428,-18.213148,-3.003768,1.096172,8.605352,-0.000000,-0.000000,-0.000000
345,-37.150256,14.686673,1.217393,-1.766956,1.668173,22.833893,0.000000,-0.000000,0.000000
346,-13.699517,-14.395893,-6.285948,-2.833517,1.500907,20.532552,0.000000,0.000000,-0.000000
347,-12.794091,-13.975876,-6.520813,-2.861611,1.501424,20.297687,-0.000000,-0.000000,0.000000
348,-10.932130,-13.112903,-4.098188,-2.352830,1.687897,20.023312,-0.000000,0.000000,-0.000000
349,-67.543292,-4.232545,-25.002266,-0.086792,0.100525,1.816234,-0.000000,-0.000000,-0.000000
350,69.170489,1.300244,-25.081064,-2.302911,-0.411936,1.737436,0.000000,-0.000000,-0.000000
351,-68.331722,-4.036562,-25.656403,-0.236822,0.013488,1.162097,-0.000000,-0.000000,0.000000
352,-70.066250,-4.212894,-25.479395,-1.281050,0.115786,0.325105,-0.000000,-0.000000,-0.000000
353,-64.098783,31.356637,-29.864308,-0.617383,-0.009763,-3.045808,-0.000000,-0.000000,0.000000
354,-67.588472,29.931913,-32.950741,-0.588272,-0.317787,-6.132241,-0.000000,-0.000000,-0.000000
355,2.702168,16.507884,-11.494600,-2.786752,1.495984,15.323900,-0.000000,0.000000,-0.000000
356,62.470588,10.048666,-22.903080,-1.140712,0.589766,2.172420,-0.000000,0.000000,0.000000
357,45.073944,-13.072459,-18.339833,-3.005156,1.079741,8.478667,-0.000000,-0.000000,-0.000000
358,-44.013640,24.453336,-0.951468,-2.834740,2.022836,20.656032,0.000000,0.000000,-0.000000
359,27.528204,11.708661,-16.286013,-2.806396,1.338161,10.532487,-0.000000,-0.000000,0.000000
360,29.468510,12.956634,-14.903439,-2.440190,1.439034,10.139061,0.000000,0.000000,0.000000
361,-0.883309,-22.962896,-8.373383,-2.952479,1.464704,18.445117,-0.000000,0.000000,-0.000000
362,-73.086118,-7.365035,-31.795962,-0.057518,-0.033535,-4.977462,-0.000000,-0.000000,-0.000000
363,-56.402131,28.612626,-20.581082,-0.209731,0.761326,6.237418,-0.000000,-0.000000,0.000000
364,-64.537170,31.632623,-26.256387,-2.474970,0.943923,-1.354887,-0.000000,-0.000000,-0.000000
365,70.204405,21.486575,-27.191644,0.146805,-0.201925,-1.072144,0.000000,-0.000000,0.000000
366,-28.625676,20.929562,-5.823967,-2.258676,1.354462,20.994533,-0.000000,0.000000,0.000000
367,-32.718216,21.312871,-0.770325,-1.722416,1.718371,21.656175,0.000000,-0.000000,-0.000000
368,73.884102,19.735384,-25.015028,0.419602,-0.237816,-1.466528,0.000000,0.000000,0.000000
369,33.291978,5.838413,-17.101729,-2.836422,1.294823,9.716771,0.000000,0.000000,0.000000
370,65.498057,-5.047725,-23.569511,-2.847943,0.046885,3.248989,0.000000,-0.000000,-0.000000
371,61.252230,-9.707528,-19.802531,-2.651570,0.645772,4.879969,-0.000000,-0.000000,-0.000000
372,70.532781,2.406711,-23.672078,-1.833819,-0.257209,1.397422,0.000000,0.000000,0.000000
373,-32.558356,-19.640523,-2.365578,-2.457956,1.471677,24.452922,-0.000000,-0.000000,0.000000
374,-40.451501,-6.651616,1.380206,-2.311601,1.735994,25.144706,0.000000,0.000000,0.000000
375,-38.793829,25.009476,-5.790451,-1.731829,1.243676,21.028049,0.000000,-0.000000,0.000000
376,-47.294537,25.991104,-9.281035,-1.287237,1.193304,16.250465,0.000000,0.000000,0.000000
377,-72.713587,-12.447509,-31.279398,0.210313,-0.157609,-4.460898,0.000000,-0.000000,-0.000000
378,-40.178045,6.992361,0.430602,-2.173445,1.706061,24.309102,0.000000,-0.000000,-0.000000
379,-65.459310,20.997221,-27.774525,0.320890,-0.161179,-0.956025,0.000000,-0.000000,-0.000000
380,-2.669716,-22.951811,-8.015030,-2.949590,1.471989,18.803470,0.000000,-0.000000,-0.000000
381,-3.851578,-22.824673,-7.786099,-2.947346,1.476427,19.032401,0.000000,0.000000,-0.000000
382,-1.595971,-22.757654,-4.027150,-2.142062,1.724346,18.756350,-0.000000,-0.000000,-0.000000
383,21.667223,14.304119,-15.247044,-2.796477,1.373919,11.571456,-0.000000,0.000000,0.000000
384,-46.381423,-17.535200,-2.374939,-1.622723,1.834400,24.443561,-0.000000,0.000000,-0.000000
385,-38.888208,-15.726805,3.465431,-1.782708,2.249495,24.826931,-0.000000,-0.000000,-0.000000
386,-49.176935,-14.842175,1.908808,-2.607135,2.179725,23.783308,0.000000,-0.000000,0.000000
387,-67.468119,22.979432,-26.299450,-1.731119,0.703232,-1.430950,0.000000,-0.000000,-0.000000
388,-69.567400,26.360190,-31.624919,-1.208200,0.050190,-5.859419,0.000000,-0.000000,0.000000
389,-62.368311,31.549132,-28.191181,-0.597011,0.120332,-1.372681,0.000000,0.000000,-0.000000
390,-15.311411,15.143115,-7.722595,-2.729411,1.568315,19.095905,0.000000,0.000000,0.000000
391,-14.968659,14.973835,-7.773297,-2.731359,1.565935,19.045203,-0.000000,0.000000,-0.000000
392,-19.198951,18.840619,0.068465,-1.500251,2.021219,19.959965,-0.000000,-0.000000,-0.000000
393,-58.355667,27.518780,-15.089883,-3.108767,2.141680,8.467617,-0.000000,-0.000000,0.000000
394,-51.562005,26.876406,-14.896797,-0.570605,0.850806,11.921703,-0.000000,-0.000000,-0.000000
395,-57.403652,-5.959702,-10.270056,-0.901152,1.433008,16.548444,-0.000000,0.000000,-0.000000
396,-20.468484,-18.765854,-3.119399,-2.600384,1.668646,22.262101,-0.000000,-0.000000,-0.000000
397,-30.621918,-19.632674,-2.692146,-2.536018,1.575126,24.126354,0.000000,-0.000000,-0.000000
398,24.509442,-22.610077,-13.517278,-2.972158,1.344223,13.301222,-0.000000,0.000000,0.000000
399,26.868801,-23.538580,-12.269439,-2.656999,1.434220,12.956061,0.000000,-0.000000,0.000000
400,20.598623,-24.689996,-10.938340,-2.659277,1.469504,14.293160,-0.000000,0.000000,-0.000000
401,10.850045,15.650665,-13.120716,-2.795055,1.438965,13.697784,0.000000,-0.000000,-0.000000
402,-62.460192,-14.152742,-16.898446,0.631408,0.428458,9.920054,0.000000,-0.000000,-0.000000
403,-62.575177,-12.240479,-9.402354,-2.702777,1.274321,14.446146,-0.000000,-0.000000,-0.000000
404,62.357619,7.872727,-24.434947,-1.764781,0.270217,2.383553,0.000000,-0.000000,-0.000000
405,-27.760132,20.704882,-5.919101,-2.243732,1.392382,20.899399,0.000000,-0.000000,-0.000000
406,-39.150040,1.975590,-2.425853,-2.688240,1.578659,24.392647,-0.000000,0.000000,0.000000
407,-41.404152,-1.011190,0.722415,-2.281052,1.765750,25.104915,0.000000,0.000000,-0.000000
408,-6.810750,-22.269809,-4.004055,-2.326200,1.683791,19.727445,0.000000,-0.000000,-0.000000
409,-69.887625,-14.852854,-27.394298,0.429275,0.003446,-0.575798,-0.000000,-0.000000,-0.000000
410,59.728104,2.335943,-23.019029,-2.378696,0.405793,3.799471,0.000000,-0.000000,-0.000000
411,56.427257,0.507385,-20.443389,-2.290343,0.819144,4.938111,0.000000,-0.000000,0.000000
412,66.043400,17.702500,-26.818500,0.000000,0.000000,0.000000,4.966359,0.971213,-4.929989
413,-62.572527,20.395399,-24.442995,0.398173,0.038299,2.375505,0.000000,0.000000,-0.000000
414,-16.987076,-16.967342,-5.453247,-2.841676,1.518758,21.365253,0.000000,0.000000,0.000000
415,-0.624645,17.994786,-9.712858,-2.560665,1.590786,15.962642,-0.000000,-0.000000,0.000000
416,-6.426580,15.691499,-9.581724,-2.793300,1.550999,17.236776,0.000000,-0.000000,0.000000
417,70.767213,10.568207,-26.674310,-1.307987,-0.553093,0.144190,-0.000000,-0.000000,0.000000
418,40.707836,0.382387,-18.300295,-2.844264,1.231561,8.518205,-0.000000,0.000000,-0.000000
419,41.463773,3.434343,-15.564813,-2.228427,1.413843,8.307687,0.000000,0.000000,-0.000000
420,-74.054042,-7.532252,-30.998181,-1.051742,0.000548,-4.929681,-0.000000,-0.000000,0.000000
421,-29.994861,21.355723,-5.625757,-2.298161,1.401523,21.192743,0.000000,0.000000,-0.000000
422,-37.421426,24.812783,-5.777721,-1.575526,1.435383,21.040779,-0.000000,0.000000,-0.000000
423,-19.219023,-19.031926,8.573165,-0.420123,2.433874,22.383665,0.000000,0.000000,0.000000
424,68.465434,19.879316,-27.376795,-0.144566,-0.136084,-0.558295,0.000000,0.000000,0.000000
425,-18.384925,-17.651902,-5.113668,-2.851925,1.534398,21.704832,0.000000,0.000000,-0.000000
426,-52.334718,19.225601,-7.591553,-2.605218,2.084301,15.896947,0.000000,0.000000,0.000000
427,-57.598906,21.747832,-13.201551,-2.357306,1.887732,10.670949,0.000000,0.000000,-0.000000
428,48.117870,-2.090253,-19.756742,-2.799330,1.023707,7.061758,0.000000,0.000000,-0.000000
429,-41.001606,11.372236,-3.639838,-2.244806,1.249136,23.178662,-0.000000,-0.000000,-0.000000
430,-11.090866,-14.518755,-6.822193,-2.882506,1.517345,19.996307,-0.000000,0.000000,0.000000
431,-53.150228,-15.063151,-5.910308,-1.209528,1.672849,20.908192,-0.000000,0.000000,0.000000
432,51.445000,-2.143010,-20.502592,-2.764300,0.897120,6.315908,-0.000000,-0.000000,0.000000
433,-20.802191,17.765183,-1.447716,-1.854791,1.928883,20.279784,0.000000,-0.000000,0.000000
434,39.379572,-17.767655,-12.182895,-2.060028,1.573345,10.180605,-0.000000,-0.000000,0.000000
435,41.810406,-14.512280,-17.568468,-2.984494,1.183120,9.250032,0.000000,-0.000000,-0.000000
436,35.221068,-18.163752,-13.753585,-2.534332,1.435648,10.946915,0.000000,-0.000000,0.000000
437,-8.990368,-21.051962,-5.434990,-2.664718,1.580338,20.018510,-0.000000,-0.000000,-0.000000
438,-71.115403,-13.959692,-23.869625,-2.086403,0.427808,1.109875,0.000000,-0.000000,0.000000
439,-39.521472,12.597797,-1.170575,-2.051872,1.473897,23.166925,0.000000,0.000000,0.000000
440,-39.693473,10.733867,-3.557947,-2.383173,1.276067,23.260553,-0.000000,-0.000000,0.000000
441,-8.665569,10.438787,-8.827473,-2.769679,1.561017,17.991027,-0.000000,-0.000000,0.000000
442,2.825788,-22.360966,-9.157612,-2.955542,1.450434,17.660888,-0.000000,-0.000000,-0.000000
443,9.153923,-24.520146,-8.424596,-2.611077,1.535554,16.599904,-0.000000,0.000000,-0.000000
444,3.363085,-22.889262,-7.136050,-2.556015,1.575438,17.675450,0.000000,-0.000000,0.000000
445,72.303175,20.117204,-28.211178,-0.114325,-0.615596,-1.392678,-0.000000,0.000000,0.000000
446,71.770155,20.413996,-28.136469,-0.080045,-0.546104,-1.317969,0.000000,-0.000000,0.000000
447,38.824269,1.483130,-17.973649,-2.846731,1.250812,8.844851,-0.000000,0.000000,0.000000
448,33.545539,9.852352,-14.366370,-2.224961,1.484442,9.548130,-0.000000,-0.000000,-0.000000
449,15.149232,16.244044,-12.940779,-2.577668,1.476844,12.830721,0.000000,-0.000000,0.000000
450,31.924205,15.047541,-8.182140,-1.010095,1.877041,9.826760,0.000000,-0.000000,0.000000
451,-42.047419,-16.668458,0.712613,-1.642319,2.069842,24.802613,-0.000000,-0.000000,0.000000
452,-43.762348,-10.017866,4.090468,-2.224848,2.207034,24.926968,-0.000000,-0.000000,0.000000
453,43.036238,2.025216,0.977234,0.990538,2.499035,8.806944,0.000000,-0.000000,-0.000000
454,29.466425,0.098873,22.976597,4.644625,3.735303,12.526297,-0.000000,0.000000,-0.000000
455,-25.515452,-18.790749,5.265419,-1.312152,2.227051,23.420119,-0.000000,0.000000,-0.000000
456,-41.254223,-1.760765,13.312311,-0.057323,2.696605,25.821911,-0.000000,-0.000000,-0.000000
457,23.921935,15.359295,-11.917839,-2.044565,1.595395,11.211661,0.000000,0.000000,-0.000000
458,-46.874130,-6.010459,0.308776,-1.954930,2.155121,23.958976,-0.000000,-0.000000,-0.000000
459,-46.912826,22.544869,-1.304419,-3.292026,2.283369,19.724981,-0.000000,-0.000000,0.000000
460,36.692949,14.045644,1.113531,0.956549,2.488944,9.347931,0.000000,-0.000000,0.000000
461,-59.352071,27.281105,-15.146166,-3.512671,2.355505,7.843534,0.000000,0.000000,-0.000000
462,-48.233077,16.907604,-5.895459,-1.609077,1.935204,18.723641,0.000000,-0.000000,0.000000
463,31.467687,12.689223,-12.374839,-1.876413,1.605823,9.872061,0.000000,-0.000000,-0.000000
464,-20.862393,-14.293102,16.390171,1.103307,2.870898,22.653361,0.000000,0.000000,-0.000000
465,72.087455,14.270971,-26.178437,-0.608045,-0.480529,-0.530737,0.000000,-0.000000,-0.000000
466,-41.541929,-1.459665,12.833537,-0.167829,2.681885,25.845337,0.000000,-0.000000,-0.000000
467,-16.865262,17.577746,8.367379,0.178538,2.529246,19.821679,-0.000000,-0.000000,-0.000000
468,34.562034,16.135722,-0.438574,0.609734,2.382322,9.572926,-0.000000,-0.000000,-0.000000
469,-22.173601,-14.834219,15.780222,0.881899,2.845881,22.913792,-0.000000,0.000000,0.000000
470,-34.934033,15.928935,34.592967,4.860367,3.607035,25.185887,0.000000,-0.000000,0.000000
471,-49.334850,16.506124,-8.237198,-1.069750,1.415924,17.777002,-0.000000,0.000000,0.000000
472,-44.293850,-8.035131,2.724770,-2.326450,2.101069,24.972870,0.000000,0.000000,0.000000
473,42.469411,-14.996628,-16.205115,-2.709089,1.266572,9.221785,-0.000000,0.000000,-0.000000
474,-17.457576,-17.391707,-2.484538,-2.337876,1.718293,21.610362,0.000000,0.000000,0.000000
475,-32.125222,14.170108,38.712407,5.806778,3.848008,24.939207,-0.000000,0.000000,-0.000000
476,-52.705737,20.854893,-7.011524,-3.060337,2.208193,15.488776,-0.000000,-0.000000,0.000000
477,32.746310,12.414945,-11.319174,-1.625690,1.679045,9.683426,0.000000,-0.000000,-0.000000
478,-40.734249,-3.262874,1.044080,-2.188349,1.775936,25.128280,0.000000,-0.000000,-0.000000
479,-23.894924,-14.806966,15.618576,0.783776,2.863834,23.193326,0.000000,0.000000,-0.000000
480,-34.709587,11.484674,17.013296,1.144413,2.867554,24.140716,-0.000000,-0.000000,-0.000000
481,-23.906239,-12.183908,21.119119,1.950461,3.108892,23.272099,0.000000,-0.000000,-0.000000
482,-46.928913,-5.077769,-1.625881,-1.678413,2.027401,23.674519,0.000000,-0.000000,-0.000000
483,41.393288,3.742502,-13.171715,-1.762512,1.567872,8.401985,0.000000,-0.000000,-0.000000
484,24.600811,16.445512,-10.096986,-1.646589,1.713012,11.093214,-0.000000,0.000000,-0.000000
485,-24.219312,-11.026634,22.774252,2.304188,3.168766,23.362686,0.000000,0.000000,-0.000000
486,45.018660,-11.002493,-3.755940,-0.080240,2.202407,9.025760,-0.000000,-0.000000,-0.000000
487,-67.455539,-8.312749,-14.728443,-4.034039,0.846571,8.538057,-0.000000,0.000000,0.000000
488,-38.454504,-12.375096,5.319638,-1.959504,2.176904,24.858238,0.000000,-0.000000,-0.000000
489,-25.191551,-14.279120,16.017735,0.819649,2.874580,23.411835,-0.000000,-0.000000,0.000000
490,-52.524164,22.579710,-6.307813,-3.418364,2.250510,15.510587,-0.000000,0.000000,0.000000
491,-27.527703,-11.225504,28.732774,3.389497,3.430996,24.274774,-0.000000,0.000000,0.000000
492,-29.468732,19.023265,1.842261,-1.540432,1.946965,21.714961,-0.000000,-0.000000,0.000000
493,-35.945575,11.020749,8.709362,-0.569475,2.382949,23.800662,-0.000000,0.000000,-0.000000
494,-24.980754,12.724094,18.322471,1.757646,2.995104,22.171871,0.000000,0.000000,0.000000
495,-44.087897,15.789947,-2.539953,-2.508897,1.973547,21.476547,-0.000000,0.000000,-0.000000
496,46.837527,-0.805698,-15.338352,-1.991373,1.436672,7.450448,0.000000,0.000000,-0.000000
497,-42.460484,5.322061,37.741116,5.044316,3.845771,27.361716,0.000000,-0.000000,0.000000
498,-31.899369,14.801704,36.763816,5.420531,3.770304,24.725716,0.000000,-0.000000,-0.000000
499,-27.162607,16.471340,6.077382,-0.778107,2.272840,21.626382,-0.000000,-0.000000,-0.000000
500,6.403660,14.424105,1.125631,-0.258720,2.247905,15.238931,-0.000000,-0.000000,-0.000000
501,-34.363910,12.882912,6.367013,-0.990910,2.226812,23.232813,0.000000,-0.000000,0.000000
502,-42.779224,-2.260257,36.560477,4.583476,3.805623,27.534387,-0.000000,-0.000000,0.000000
503,-44.279597,5.165612,35.796069,4.518503,3.783532,27.624899,0.000000,0.000000,-0.000000
504,12.927406,-24.574858,-9.252046,-2.626794,1.515042,15.840654,-0.000000,0.000000,0.000000
505,-29.200459,-11.331760,31.560970,3.913341,3.551440,24.768850,0.000000,-0.000000,-0.000000
506,-19.609996,-18.950284,5.058454,-1.090096,2.206416,22.337354,0.000000,-0.000000,0.000000
507,-44.671775,-6.083628,0.909016,-2.061975,2.157592,24.598116,0.000000,-0.000000,-0.000000
508,-17.552304,-2.628965,30.811712,4.415496,3.554255,21.998902,-0.000000,0.000000,-0.000000
509,-44.832044,4.133821,33.037795,3.896356,3.679104,27.599635,0.000000,-0.000000,0.000000
510,-37.226923,-9.537853,15.576580,0.349577,2.865447,25.502530,0.000000,0.000000,-0.000000
511,-37.235610,-9.000162,14.398909,0.129290,2.804438,25.416309,-0.000000,-0.000000,0.000000
512,-31.588871,4.863364,45.126580,7.021929,4.061340,25.437380,-0.000000,-0.000000,-0.000000
513,-16.787183,-0.832216,30.322376,4.383117,3.539484,21.739776,-0.000000,-0.000000,0.000000
514,-16.127337,17.651944,0.751670,-1.245537,2.058144,19.403070,-0.000000,0.000000,0.000000
515,42.560431,4.595484,-6.158098,-0.352869,2.034624,8.434102,-0.000000,-0.000000,-0.000000
516,58.565807,-5.469432,-10.921029,-0.692593,1.738818,5.554571,-0.000000,0.000000,0.000000
517,-21.259862,-4.729508,38.227430,5.788538,3.840492,23.195030,0.000000,-0.000000,0.000000
518,-17.744715,-17.707469,5.644384,-0.878615,2.249831,21.943184,0.000000,0.000000,0.000000
519,28.302643,-11.882317,22.273088,4.259943,3.637783,13.439328,-0.000000,-0.000000,-0.000000
520,-56.520087,-11.272924,-1.664311,-3.564087,1.959576,20.004889,-0.000000,-0.000000,-0.000000
521,41.363504,5.828628,-8.944483,-0.907896,1.849448,8.478917,0.000000,-0.000000,-0.000000
522,1.279203,13.969853,-0.476701,-0.783627,2.118053,16.199999,0.000000,-0.000000,0.000000
523,-49.246399,-12.125448,2.319978,-2.967599,2.247352,23.048578,-0.000000,-0.000000,-0.000000
524,-45.056514,3.177156,31.636907,3.578886,3.609149,27.596737,0.000000,0.000000,-0.000000
525,17.414971,-24.643196,-10.237066,-2.645729,1.487404,14.936834,-0.000000,0.000000,-0.000000
526,-6.492299,-9.886333,20.017902,2.468201,3.189067,19.906558,0.000000,0.000000,0.000000
527,-56.479075,-12.434482,-2.332187,-3.240875,2.024318,19.898513,-0.000000,0.000000,-0.000000
528,-38.712429,8.611923,14.265591,0.486371,2.666313,24.919491,0.000000,0.000000,-0.000000
529,4.765946,14.387261,1.078741,-0.335924,2.232561,15.555741,-0.000000,-0.000000,0.000000
530,45.861220,-13.270953,-10.360627,-1.386480,1.738747,8.744273,-0.000000,-0.000000,0.000000
531,-18.679194,-18.516383,5.119466,-1.030494,2.212917,22.145166,-0.000000,0.000000,-0.000000
532,46.374216,-12.815948,-10.543993,-1.404184,1.745052,8.612107,0.000000,0.000000,0.000000
533,48.191607,-12.963463,-11.671233,-1.575693,1.648837,8.203467,-0.000000,0.000000,-0.000000
534,44.239731,-11.553027,-3.542023,-0.076369,2.193473,9.230277,0.000000,0.000000,0.000000
535,-56.134459,-13.110233,-2.905140,-2.718159,2.106667,19.985360,0.000000,0.000000,0.000000
536,43.469719,-6.486364,3.858776,1.408919,2.654536,9.390326,-0.000000,-0.000000,-0.000000
537,-49.175284,-11.535971,2.898773,-3.053484,2.166329,23.507173,0.000000,0.000000,-0.000000
538,-35.113446,16.589666,2.649011,-1.772946,1.940466,22.296611,-0.000000,-0.000000,-0.000000
539,-44.983200,5.051635,34.778691,4.272500,3.746875,27.718521,0.000000,0.000000,-0.000000
540,-43.659800,-17.166354,-0.692641,-1.605000,1.953046,24.761659,0.000000,0.000000,-0.000000
541,48.367330,-0.798004,-17.824242,-2.367570,1.183536,7.021258,0.000000,-0.000000,-0.000000
542,41.134280,4.104339,-11.990165,-1.533120,1.666049,8.487635,-0.000000,-0.000000,-0.000000
543,-65.056223,30.974353,-30.696448,-0.612823,-0.086747,-3.877948,0.000000,0.000000,0.000000
544,8.943022,-23.559052,-10.316414,-2.966778,1.422348,16.502086,0.000000,0.000000,0.000000
545,60.126556,-9.105431,-21.881568,-3.076444,0.437619,4.936932,0.000000,-0.000000,-0.000000
546,-46.821409,-4.321475,-3.484734,-1.280409,1.950275,23.333766,-0.000000,-0.000000,-0.000000
547,-46.540907,26.128657,-10.753620,-0.600707,0.911257,16.064880,0.000000,0.000000,-0.000000
548,62.875775,9.569771,-24.788336,-1.537725,0.246581,2.030164,-0.000000,0.000000,-0.000000
549,44.058153,-14.122711,-16.702491,-2.730947,1.201189,8.826009,-0.000000,0.000000,-0.000000
550,45.371717,-13.404531,-16.795632,-2.697783,1.177169,8.513568,0.000000,-0.000000,0.000000
551,-39.810531,24.819915,-4.557004,-1.828131,1.352615,21.096596,-0.000000,0.000000,-0.000000
552,71.525379,13.540768,-24.753191,-0.563521,-0.208132,-0.247891,0.000000,-0.000000,0.000000
553,-30.490435,-18.579931,2.501806,-2.055035,1.995969,24.260906,-0.000000,0.000000,-0.000000
554,71.887737,20.838678,-26.270318,0.276737,-0.244222,-1.284818,-0.000000,0.000000,-0.000000
555,-73.891276,-10.643735,-27.408743,-2.516176,0.225065,-2.534243,0.000000,0.000000,0.000000
556,-15.540586,16.310810,-3.515977,-1.981086,1.810010,19.218923,0.000000,0.000000,0.000000
557,-9.239434,-20.778933,-6.114913,-2.799684,1.540267,20.021087,-0.000000,0.000000,0.000000
558,-4.656598,16.425400,-7.857926,-2.385618,1.666700,16.922074,0.000000,0.000000,0.000000
559,50.634048,-2.435294,-19.698554,-2.661352,1.000766,6.538246,0.000000,-0.000000,-0.000000
560,-44.478759,-17.401879,-1.424981,-1.599059,1.908021,24.711419,0.000000,0.000000,0.000000
561,-15.250555,15.644862,-5.645234,-2.352155,1.690462,19.131466,-0.000000,-0.000000,-0.000000
562,72.097987,20.480955,-27.239447,0.083687,-0.426945,-1.337447,-0.000000,0.000000,-0.000000
563,71.133914,12.073276,-25.703821,-0.948086,-0.361824,-0.041921,-0.000000,0.000000,-0.000000
564,-5.540826,16.058601,-8.720771,-2.588696,1.609001,17.078529,-0.000000,-0.000000,-0.000000
565,-45.101242,-17.588619,-1.996394,-1.620242,1.860181,24.637206,-0.000000,0.000000,-0.000000
566,-15.110278,15.309444,-6.707302,-2.542378,1.628344,19.090298,0.000000,0.000000,0.000000
567,-15.039617,15.141304,-7.240570,-2.637017,1.596804,19.067530,-0.000000,0.000000,0.000000
568,-45.191901,8.513938,33.902085,4.176199,3.705488,27.656245,0.000000,-0.000000,-0.000000
569,13.486088,-4.166337,-12.440593,-2.880012,1.414933,14.377907,-0.000000,0.000000,-0.000000
570,68.202290,13.920392,-26.528305,-0.934510,-0.226708,0.290195,0.000000,-0.000000,0.000000
571,-63.157600,25.027700,-26.818500,0.000000,0.000000,0.000000,-5.498147,-0.189742,-20.045004
572,-53.091483,-9.268005,-5.630470,-1.381283,2.084695,21.188030,0.000000,-0.000000,0.000000
573,1.275069,5.414823,-10.539687,-2.841461,1.487853,16.278813,-0.000000,-0.000000,-0.000000
574,-65.842467,26.836844,-30.253647,-0.228567,-0.165356,-3.435147,0.000000,0.000000,0.000000
575,-45.189246,-10.764609,-2.048208,-1.791346,1.951391,24.770292,-0.000000,0.000000,0.000000
576,-28.843554,9.731548,-4.781811,-2.637554,1.578468,22.036689,-0.000000,-0.000000,-0.000000
577,-9.766519,-1.912577,-7.827700,-2.801469,1.544493,18.990800,0.000000,-0.000000,0.000000
578,-45.560771,-14.319237,-2.345659,-1.743471,1.776963,24.472841,-0.000000,0.000000,-0.000000
579,-9.972747,-8.277632,-7.398452,-2.835837,1.513408,19.420048,-0.000000,0.000000,0.000000
580,-32.952308,-10.160146,-2.647154,-2.620308,1.718354,24.171346,0.000000,0.000000,-0.000000
581,-49.909590,21.916104,-12.043641,-0.402690,1.162604,14.774859,-0.000000,-0.000000,-0.000000
582,-61.679899,-9.995126,-15.828651,0.244301,0.412374,10.989849,0.000000,0.000000,-0.000000
583,-1.713269,-13.556074,-8.786349,-2.907739,1.474726,18.032151,-0.000000,0.000000,-0.000000
584,-68.636666,-6.183323,-26.182433,0.030334,0.018627,0.636067,-0.000000,-0.000000,-0.000000
585,-9.818390,4.322821,-8.202537,-2.768390,1.558771,18.615963,-0.000000,-0.000000,0.000000
586,-44.177702,20.501408,-7.506491,-0.798402,1.480008,19.312009,-0.000000,-0.000000,-0.000000
587,-37.020722,17.596479,-4.693687,-1.961722,1.338679,22.124813,-0.000000,-0.000000,0.000000
588,-47.473107,19.363355,-8.810201,-0.548507,1.346655,18.008299,-0.000000,-0.000000,-0.000000
589,-24.252899,-11.135390,-4.505194,-2.690799,1.621810,22.313306,-0.000000,-0.000000,-0.000000
590,-40.043484,20.668305,-4.875282,-1.381784,1.350505,21.943218,0.000000,-0.000000,-0.000000
591,-46.389591,22.613220,-9.237945,-0.397591,1.129920,17.580555,0.000000,-0.000000,-0.000000
592,-28.029628,-19.526812,-1.826072,-2.529328,1.657088,23.786428,0.000000,-0.000000,-0.000000
593,8.466306,15.575334,-12.629031,-2.794394,1.453734,14.189469,-0.000000,-0.000000,-0.000000
594,-62.818785,28.283185,-27.500532,-0.307685,0.044885,-0.682032,-0.000000,-0.000000,0.000000
595,-18.115000,-17.912070,1.315090,-1.730800,2.007530,21.875390,0.000000,-0.000000,0.000000
596,-44.573614,-15.902215,-2.205834,-1.699214,1.866685,24.612666,-0.000000,-0.000000,-0.000000
597,-38.847257,-11.247466,-2.157028,-2.028257,1.766934,24.661472,-0.000000,-0.000000,-0.000000
598,-44.803572,-16.830017,-2.183069,-1.615272,1.853183,24.635431,0.000000,0.000000,0.000000
599,-41.319751,-8.050191,-1.884908,-2.134951,1.930529,24.933592,0.000000,0.000000,-0.000000
600,-44.441329,-7.160309,-2.302175,-1.740229,2.016721,24.516325,-0.000000,0.000000,-0.000000
601,-27.169769,-0.193832,13.130361,0.430031,2.724288,22.984861,-0.000000,-0.000000,0.000000
602,-32.974230,2.982986,35.018459,4.771370,3.724264,25.195319,0.000000,0.000000,-0.000000
603,-69.368600,-10.243600,-26.818500,0.000000,0.000000,0.000000,-8.887674,0.020636,-21.354286
604,-68.349108,-12.669904,-25.290386,0.282592,0.128996,1.528114,-0.000000,-0.000000,-0.000000
605,21.254064,3.849148,-0.715019,-0.185336,2.218778,12.892081,-0.000000,0.000000,0.000000
606,21.516335,-16.703973,2.725227,0.135435,2.349427,14.218227,0.000000,0.000000,0.000000
607,-35.348171,1.458030,39.957055,5.696329,3.889720,26.035055,0.000000,0.000000,-0.000000
608,-37.982423,-0.554550,29.400970,3.332877,3.476530,26.070200,0.000000,0.000000,0.000000
609,0.134075,-4.509439,4.428385,-0.160726,2.336641,17.701785,-0.000000,0.000000,-0.000000
610,26.838423,-5.988709,-15.033692,-2.896977,1.342581,11.784808,0.000000,-0.000000,-0.000000
611,54.797006,-6.422117,-20.933305,-2.928194,0.720513,5.885195,-0.000000,-0.000000,-0.000000
612,13.708404,-2.821241,11.453368,1.745104,2.883809,15.267588,-0.000000,0.000000,-0.000000
613,-28.799789,-13.864156,-3.347075,-2.527989,1.694644,23.471425,-0.000000,0.000000,0.000000
614,-1.710844,6.075138,-2.325407,-1.382885,1.958098,17.166593,0.000000,-0.000000,0.000000
615,26.747299,1.739201,-15.509117,-2.854301,1.340160,11.309383,0.000000,-0.000000,-0.000000
616,60.604898,-4.152744,-22.487363,-2.792002,0.417296,4.331137,-0.000000,-0.000000,-0.000000
617,-3.910997,1.240600,-9.252173,-2.820357,1.506323,17.566327,-0.000000,-0.000000,0.000000
618,16.344669,5.411665,-13.605220,-2.835131,1.404835,13.213280,-0.000000,-0.000000,-0.000000
619,13.933725,10.710790,-13.444545,-2.816975,1.418090,13.373955,-0.000000,-0.000000,-0.000000
620,20.574540,-13.438204,-13.298118,-2.931060,1.372696,13.520382,-0.000000,-0.000000,0.000000
621,-21.028347,1.023364,-5.784432,-2.723847,1.524127,21.034068,-0.000000,-0.000000,-0.000000
622,-30.732827,-6.299729,20.841350,1.720773,3.094321,24.340710,0.000000,-0.000000,-0.000000
623,18.564450,-17.300598,-5.605438,-1.591350,1.815002,14.471862,0.000000,0.000000,0.000000
624,42.005179,-5.892524,-3.705001,-0.091121,2.183716,9.314699,0.000000,0.000000,-0.000000
625,8.580836,-13.246799,-10.885173,-2.921164,1.429001,15.933327,0.000000,-0.000000,-0.000000
626,-13.954349,-6.835559,12.017432,0.690251,2.664811,20.803992,0.000000,0.000000,0.000000
627,-31.065237,-1.568832,-3.673341,-2.721537,1.648618,23.145159,0.000000,0.000000,-0.000000
628,3.524587,-16.424025,-9.666687,-2.927623,1.448575,17.151813,-0.000000,0.000000,-0.000000
629,-33.778308,9.419937,32.424576,4.320892,3.594267,25.002456,0.000000,0.000000,0.000000
630,-26.119359,6.691679,35.940459,5.309841,3.756089,23.710859,-0.000000,0.000000,-0.000000
631,-17.767024,-6.398854,-5.999362,-2.729924,1.531496,20.819138,0.000000,0.000000,0.000000
632,-24.442801,-0.093720,33.036173,4.638899,3.650390,23.455723,0.000000,0.000000,-0.000000
633,35.615136,-6.809009,-16.782583,-2.906864,1.284671,10.035917,0.000000,0.000000,-0.000000
634,27.920154,-17.251081,-5.487090,-1.204246,1.895919,12.664010,-0.000000,0.000000,-0.000000
635,-37.039219,2.775035,22.498025,2.006381,3.156922,25.331895,0.000000,-0.000000,0.000000
636,-12.540371,-6.570631,-0.035343,-1.534071,1.947649,20.101257,-0.000000,-0.000000,-0.000000
637,11.516601,-18.306734,-11.161908,-2.944499,1.412866,15.656592,-0.000000,-0.000000,0.000000
638,-31.543178,15.234713,-4.792986,-2.342578,1.465213,22.025514,0.000000,-0.000000,-0.000000
639,-18.133972,7.540481,-6.729108,-2.744772,1.554941,20.089392,-0.000000,0.000000,0.000000
640,20.994157,8.878014,-7.445790,-1.405643,1.825014,12.362810,0.000000,0.000000,0.000000
641,-33.600203,0.586758,4.645555,-1.385503,2.133928,23.788155,0.000000,0.000000,-0.000000
642,28.998550,-10.435583,9.413415,1.831650,2.853317,12.671625,0.000000,-0.000000,-0.000000
643,41.989968,-7.408487,-18.088001,-2.917732,1.179173,8.730499,0.000000,0.000000,-0.000000
644,-3.892330,-3.681071,13.165277,1.358140,2.837729,18.778907,0.000000,0.000000,0.000000
645,33.523799,-0.398562,-9.965703,-1.550401,1.727318,10.357597,0.000000,-0.000000,-0.000000
646,-30.155198,18.130625,-5.298822,-2.257598,1.402725,21.519678,-0.000000,-0.000000,0.000000
647,-26.912826,7.214823,5.740355,-0.893126,2.304263,22.206955,0.000000,0.000000,0.000000
648,-39.403743,7.219751,32.848704,4.139157,3.610531,26.365604,-0.000000,-0.000000,-0.000000
649,-63.904797,29.675824,-29.147507,-0.436797,0.019824,-2.329007,-0.000000,-0.000000,0.000000
650,-35.429176,2.376904,14.772956,0.522224,2.768829,24.558526,0.000000,0.000000,-0.000000
651,22.969443,-17.838479,-13.506033,-2.951157,1.358421,13.312467,-0.000000,0.000000,0.000000
652,-23.906994,-5.108534,17.785098,1.398306,2.958806,22.803528,-0.000000,0.000000,0.000000
653,47.606857,-7.638641,-19.298239,-2.941443,1.050539,7.520261,0.000000,-0.000000,0.000000
654,-43.488220,26.060886,-8.236185,-0.667820,1.342686,18.582315,0.000000,0.000000,0.000000
655,43.493634,-8.422359,-8.588919,-1.031566,1.890141,8.943881,0.000000,0.000000,-0.000000
656,67.315451,-3.012916,-20.234541,-1.941149,0.431254,2.871459,0.000000,-0.000000,-0.000000
657,60.277937,-1.460296,-18.391128,-1.822563,0.953934,4.390672,0.000000,0.000000,0.000000
658,-23.274797,-8.308977,6.346429,-0.832397,2.308323,22.443929,0.000000,0.000000,0.000000
659,-41.163385,16.179708,-4.587560,-1.897485,1.224108,22.230940,-0.000000,0.000000,0.000000
660,7.336903,8.705138,-11.978771,-2.823397,1.451708,14.839729,-0.000000,0.000000,-0.000000
661,64.445844,2.046088,-24.132794,-2.347356,0.091298,2.685706,-0.000000,0.000000,-0.000000
662,62.181082,3.155809,-23.728053,-2.263818,0.250719,3.090447,0.000000,0.000000,0.000000
663,-20.470967,-8.488775,13.136173,0.583433,2.714725,22.172313,-0.000000,0.000000,-0.000000
664,-5.159051,-10.249875,1.314276,-1.049381,2.069725,18.941176,0.000000,0.000000,-0.000000
665,-34.607810,-5.306741,-2.649431,-2.688510,1.648609,24.169069,0.000000,0.000000,-0.000000
666,7.064512,4.000410,3.986151,0.156792,2.401920,15.838551,-0.000000,0.000000,0.000000
667,23.624028,-3.441635,14.942925,2.804028,3.176865,13.530555,0.000000,0.000000,-0.000000
668,25.851652,11.670400,5.276347,1.280952,2.649050,11.787857,0.000000,-0.000000,-0.000000
669,-73.537829,-11.272800,-29.651937,-1.187729,0.022300,-3.805437,-0.000000,0.000000,-0.000000
670,-38.813782,1.670503,35.262046,4.551518,3.719333,26.502796,-0.000000,-0.000000,-0.000000
671,2.208402,10.932965,-11.062780,-2.809548,1.490175,15.755720,-0.000000,-0.000000,0.000000
672,-3.147508,9.025019,-9.854053,-2.808986,1.538419,16.964447,-0.000000,-0.000000,-0.000000
673,-33.052103,-14.794846,-2.484295,-2.325003,1.599254,24.334205,-0.000000,0.000000,-0.000000
674,38.217891,-11.049094,-17.052598,-2.950609,1.249706,9.765902,-0.000000,-0.000000,-0.000000
675,61.885543,-0.688090,-23.197907,-2.579857,0.291767,3.620593,0.000000,0.000000,-0.000000
676,-8.151777,-8.258694,14.124425,1.299543,2.842106,19.888905,0.000000,-0.000000,-0.000000
677,-18.959919,-11.677783,-5.429780,-2.781719,1.533717,21.388720,0.000000,0.000000,-0.000000
678,18.640828,-19.708861,-12.513179,-2.956572,1.377639,14.305321,0.000000,0.000000,-0.000000
679,68.391055,16.870738,-26.989141,-0.533445,-0.215162,-0.170641,-0.000000,-0.000000,0.000000
680,-29.107423,6.420890,16.620186,1.137477,2.914500,23.229506,0.000000,-0.000000,-0.000000
681,44.741247,-9.574692,-18.540805,-2.949853,1.112608,8.277695,0.000000,0.000000,0.000000
682,-12.292720,3.710608,2.431690,-0.955520,2.143428,19.539990,0.000000,0.000000,0.000000
683,30.741403,-11.606824,-15.482258,-2.935397,1.314276,11.336242,0.000000,-0.000000,0.000000
684,-4.811010,12.325192,-9.712018,-2.805340,1.547692,17.106482,0.000000,-0.000000,0.000000
685,-22.691214,1.720776,18.271692,1.654886,3.001046,22.222322,-0.000000,0.000000,-0.000000
686,41.599281,-10.769205,-17.779606,-2.946419,1.193095,9.038894,-0.000000,0.000000,0.000000
687,-5.956591,-16.351303,-7.766803,-2.917201,1.488097,19.051697,-0.000000,-0.000000,0.000000
688,38.913066,-1.873445,-12.764265,-1.888934,1.582395,9.250135,-0.000000,-0.000000,0.000000
689,14.998659,-2.616671,19.281962,3.305359,3.374959,15.330222,-0.000000,-0.000000,-0.000000
690,64.354312,-2.097732,-23.620187,-2.655288,0.130988,3.198313,-0.000000,-0.000000,-0.000000
691,-27.697163,11.207319,32.747380,4.654537,3.609129,23.682530,0.000000,0.000000,0.000000
692,22.773460,7.072115,-15.023683,-2.829840,1.366505,11.794817,-0.000000,-0.000000,0.000000
693,29.740678,6.691818,-4.269507,-0.482922,2.078198,10.914493,-0.000000,-0.000000,0.000000
694,-34.611529,8.545659,-3.608446,-2.645629,1.517159,23.210054,0.000000,0.000000,0.000000
695,39.934368,-12.979115,-12.531891,-2.021632,1.583485,9.760009,-0.000000,0.000000,-0.000000
696,39.085989,-3.866238,-17.684602,-2.878411,1.249062,9.133898,-0.000000,0.000000,-0.000000
697,-21.533527,12.211909,3.594422,-0.995327,2.183209,20.838522,0.000000,0.000000,-0.000000
698,-71.340999,-10.877348,-29.404369,0.048701,-0.033548,-2.585869,-0.000000,-0.000000,-0.000000
699,51.072399,-6.386984,-20.128044,-2.928201,0.897076,6.690456,-0.000000,0.000000,0.000000
700,-53.451684,23.580815,-15.208529,-0.349484,0.974315,11.609971,0.000000,0.000000,-0.000000
701,-16.044615,10.932206,-7.340508,-2.731015,1.548806,19.477992,-0.000000,0.000000,-0.000000
702,-30.945864,-5.998041,13.751126,0.311836,2.734399,23.993526,0.000000,-0.000000,0.000000
703,-23.304525,-4.400678,28.459050,3.627775,3.446092,23.146060,0.000000,-0.000000,-0.000000
704,-52.780488,-11.727220,0.636697,-3.163088,2.075380,21.835597,-0.000000,0.000000,-0.000000
705,-31.552812,-19.053670,0.079791,-2.284912,1.790430,24.368591,-0.000000,0.000000,-0.000000
706,27.859526,-8.723419,16.087158,3.103426,3.261881,13.072278,-0.000000,-0.000000,-0.000000
707,-6.623224,6.867888,-9.036034,-2.790174,1.545318,17.782466,0.000000,-0.000000,0.000000
708,36.197912,1.407206,-2.807745,-0.025988,2.204216,10.031755,0.000000,0.000000,-0.000000
709,-32.884100,10.875622,36.312079,5.212100,3.765082,25.030279,0.000000,-0.000000,0.000000
710,-0.942790,13.487222,-10.570468,-2.800630,1.526322,16.248032,-0.000000,-0.000000,-0.000000
711,66.789774,10.188129,-25.720333,-1.431926,-0.130671,1.098167,-0.000000,-0.000000,-0.000000
712,-30.640548,-16.495875,-2.955622,-2.536748,1.590325,23.862878,0.000000,-0.000000,0.000000
713,23.249822,-20.332695,-7.760523,-1.874078,1.707405,13.653777,-0.000000,0.000000,-0.000000
714,-24.516191,-0.871330,38.141937,5.701509,3.842610,23.755337,-0.000000,-0.000000,-0.000000
715,-41.931793,-12.899417,-2.111246,-1.734293,1.929883,24.707254,-0.000000,-0.000000,-0.000000
716,43.656172,-11.413155,-18.154829,-2.959128,1.137445,8.663671,-0.000000,0.000000,0.000000
717,-27.980138,-16.611808,-3.331919,-2.629838,1.542592,23.486581,0.000000,0.000000,0.000000
718,44.596447,-9.805266,-13.725142,-2.008053,1.496834,8.580958,-0.000000,0.000000,-0.000000
719,14.748192,-20.695125,-11.665289,-2.957708,1.395775,15.153211,-0.000000,0.000000,-0.000000
720,-38.216557,5.691841,36.840362,5.002943,3.773241,26.407662,0.000000,-0.000000,-0.000000
721,48.406424,-4.892218,-19.641218,-2.883776,1.046242,7.177282,0.000000,-0.000000,-0.000000
722,-6.159335,-11.407182,-8.030406,-2.886045,1.484018,18.788094,-0.000000,0.000000,-0.000000
723,-37.383151,9.229241,-3.449431,-2.569251,1.372711,23.369069,0.000000,-0.000000,0.000000
724,-35.879904,-1.051082,-2.847965,-2.754204,1.570218,23.970535,0.000000,0.000000,-0.000000
725,50.295807,-4.632080,-20.083401,-2.860993,0.949000,6.735099,-0.000000,-0.000000,0.000000
726,50.492456,-5.570107,-15.409032,-1.966144,1.417423,6.969968,0.000000,-0.000000,-0.000000
727,-7.400366,-18.592432,-7.336211,-2.927586,1.490568,19.482289,0.000000,-0.000000,0.000000
728,-33.665897,3.557133,-3.581228,-2.722597,1.546123,23.237272,0.000000,-0.000000,-0.000000
729,-5.930060,9.659428,-9.348273,-2.792880,1.557028,17.470227,-0.000000,-0.000000,-0.000000
730,-14.781033,-9.846021,-6.379066,-2.809533,1.510579,20.439434,0.000000,0.000000,0.000000
731,-8.010856,-13.962975,-7.492625,-2.903366,1.494525,19.325875,0.000000,0.000000,-0.000000
732,41.894356,-12.153426,-14.914568,-2.403144,1.394574,9.205832,-0.000000,0.000000,0.000000
733,-25.891478,-14.195912,1.629090,-1.926978,2.005088,23.104490,-0.000000,-0.000000,-0.000000
734,-13.668272,-10.362135,-1.999051,-2.016472,1.800365,20.469249,0.000000,-0.000000,0.000000
735,-17.649511,12.475761,-7.101538,-2.717611,1.589161,19.716962,0.000000,0.000000,0.000000
736,17.563964,11.604979,-14.239217,-2.810636,1.398179,12.579283,0.000000,0.000000,-0.000000
737,52.956202,-4.511508,-20.672738,-2.835398,0.824692,6.145762,-0.000000,0.000000,-0.000000
738,-37.151169,3.318488,2.214801,-1.851069,1.912498,24.161401,-0.000000,-0.000000,-0.000000
739,49.184005,-3.695275,-19.899591,-2.837195,1.007725,6.918909,-0.000000,0.000000,0.000000
740,-18.118953,-2.006177,15.954529,1.344447,2.886543,21.467339,0.000000,-0.000000,-0.000000
741,30.636077,4.562904,-11.729160,-1.923523,1.610654,10.545240,-0.000000,0.000000,0.000000
742,-20.680219,8.515468,10.384227,0.289181,2.594538,21.151727,-0.000000,-0.000000,0.000000
743,-15.688543,12.935053,-7.534430,-2.723743,1.553453,19.284070,-0.000000,-0.000000,-0.000000
744,2.000066,8.697374,3.934273,0.003766,2.367114,16.538473,0.000000,0.000000,0.000000
745,-16.507116,-13.380009,-5.819320,-2.806816,1.526591,20.999180,-0.000000,0.000000,0.000000
746,-15.619786,14.066714,-7.597209,-2.729486,1.568114,19.221291,-0.000000,-0.000000,0.000000
747,-19.240573,-14.705106,-5.177667,-2.793873,1.557594,21.640833,0.000000,-0.000000,-0.000000
748,-36.424283,-8.555742,-2.450819,-2.477483,1.770758,24.367681,-0.000000,0.000000,0.000000
749,51.575817,-3.721195,-20.429064,-2.819083,0.884255,6.389436,-0.000000,0.000000,-0.000000
750,-0.858563,-18.220176,-8.668496,-2.932683,1.467824,18.150004,0.000000,-0.000000,-0.000000
751,26.354815,10.248863,-10.677218,-1.793685,1.669333,11.090882,0.000000,0.000000,-0.000000
752,43.052095,-3.798500,-14.956834,-2.169405,1.432580,8.441966,0.000000,0.000000,0.000000
753,68.677102,11.644787,-26.320590,-1.216698,-0.297813,0.497910,-0.000000,0.000000,-0.000000
754,42.306494,-12.696457,-17.792060,-2.968706,1.177743,9.026440,-0.000000,-0.000000,-0.000000
755,44.265393,-12.329916,-18.222718,-2.980907,1.113684,8.595782,-0.000000,-0.000000,-0.000000
756,-37.192929,-2.266309,0.550501,-2.239629,1.769671,24.434501,-0.000000,0.000000,0.000000
757,-37.363013,-5.869953,-2.286953,-2.621913,1.683517,24.531547,-0.000000,0.000000,0.000000
758,55.519304,-5.634479,-14.967907,-1.670596,1.386391,5.990093,-0.000000,-0.000000,-0.000000
759,45.515361,-10.926052,-16.581097,-2.588739,1.241948,8.335203,-0.000000,0.000000,-0.000000
760,-14.153564,-12.095908,-6.358792,-2.819264,1.510292,20.459708,0.000000,-0.000000,0.000000
761,49.174081,-2.393403,-19.971488,-2.800919,1.005877,6.847012,-0.000000,-0.000000,-0.000000
762,-4.087036,-19.144177,-7.965951,-2.932196,1.478823,18.852549,-0.000000,0.000000,-0.000000
763,-40.229052,-3.314478,-0.474913,-2.433052,1.713272,24.976387,-0.000000,-0.000000,0.000000
764,-37.097661,-3.267476,-2.501222,-2.673061,1.633694,24.317278,-0.000000,-0.000000,0.000000
765,-1.951040,-20.513877,-8.309154,-2.940388,1.470923,18.509346,-0.000000,-0.000000,0.000000
766,-38.457772,-2.683569,-2.322403,-2.693472,1.618331,24.496097,-0.000000,0.000000,0.000000
767,-38.941028,-2.850647,-0.902756,-2.466428,1.684153,24.709044,0.000000,0.000000,0.000000
768,-2.133611,-22.854692,-6.020716,-2.546594,1.598208,18.780284,0.000000,0.000000,0.000000
